AccountID,CustomerID,AccountType,OpenDate,Balance
1,612,Savings,2025-12-28,487523.7
2,591,Savings,2019-03-26,293548.21
3,644,Current,2025-04-26,329717.05
4,536,Current,2022-06-11,17593.44
5,992,Savings,2019-03-02,72326.99
6,835,Savings,2022-05-03,26713.55
7,106,Savings,2021-01-18,364838.53
8,149,Savings,2024-03-31,298703.12
9,608,Current,2021-06-28,90495.49
10,791,Current,2024-07-03,155385.05
11,876,Current,2022-08-29,444201.61
12,544,Savings,2020-09-30,19316.73
13,157,Current,2023-06-25,270893.19
14,451,Current,2020-02-14,52883.45
15,235,Current,2024-06-01,297879.96
16,242,Savings,2021-06-25,239253.45
17,132,Current,2020-05-22,262753.54
18,959,Current,2024-05-31,470640.3
19,920,Savings,2019-08-02,302578.9
20,714,Current,2018-08-14,458894.52
21,538,Current,2024-09-24,218910.17
22,277,Current,2022-09-18,16074.55
23,148,Savings,2025-04-20,458990.3
24,372,Current,2025-02-16,89779.92
25,28,Savings,2020-08-09,487292.42
26,880,Savings,2019-05-24,275495.5
27,20,Current,2020-06-29,386394.63
28,225,Savings,2020-08-09,337707.13
29,841,Savings,2022-01-08,293628.28
30,955,Current,2023-04-26,374316.76
31,43,Current,2019-09-14,368200.59
32,395,Savings,2023-10-06,427985.59
33,116,Current,2021-01-18,353578.22
34,619,Current,2023-10-30,292920.3
35,565,Current,2023-01-17,469620.09
36,701,Savings,2020-06-05,238106.76
37,286,Savings,2025-11-14,265601.66
38,813,Savings,2023-06-28,463037.43
39,561,Current,2024-05-23,25520.09
40,698,Savings,2020-03-28,68455.83
41,958,Current,2021-07-30,422574.51
42,762,Savings,2020-03-24,360931.82
43,132,Current,2020-08-10,55560.43
44,132,Savings,2024-12-18,445030.87
45,506,Savings,2025-03-22,253088.9
46,950,Savings,2024-04-06,210189.66
47,544,Savings,2023-10-15,422297.12
48,870,Current,2023-07-20,247508.67
49,554,Current,2021-11-08,414402.61
50,622,Current,2020-05-19,178553.62
51,132,Current,2022-08-23,191559.68
52,133,Current,2022-10-26,402466.81
53,708,Savings,2019-07-17,364742.74
54,140,Current,2023-12-09,34489.96
55,750,Current,2023-09-28,187197.86
56,725,Current,2025-01-22,158762.74
57,764,Current,2021-06-25,276593.65
58,254,Savings,2020-04-30,62945.2
59,68,Current,2021-12-30,489779.31
60,705,Current,2024-01-20,241934.01
61,259,Current,2020-04-17,402118.14
62,962,Savings,2026-04-15,185927.52
63,945,Savings,2022-09-30,331222.43
64,915,Savings,2023-09-10,75556.48
65,244,Savings,2019-04-02,48791.29
66,81,Current,2023-04-21,49622.09
67,538,Current,2019-05-15,198619.19
68,776,Current,2024-09-05,442563.03
69,459,Savings,2025-11-14,421449.06
70,855,Current,2024-02-29,496997.19
71,172,Current,2021-01-02,65213.99
72,474,Current,2021-04-24,430918.72
73,389,Savings,2019-07-17,164212.99
74,264,Savings,2018-12-02,8920.77
75,205,Current,2021-05-09,133318.52
76,721,Current,2025-02-05,459959.8
77,470,Current,2024-02-25,329471.12
78,510,Savings,2018-09-05,85625.96
79,588,Savings,2021-04-27,458666.22
80,692,Savings,2019-04-05,114041.14
81,358,Current,2026-03-29,252693.76
82,240,Savings,2026-03-09,407077.52
83,118,Savings,2023-12-03,489504.07
84,313,Savings,2021-03-19,72347.76
85,930,Current,2018-10-11,132515.96
86,766,Savings,2025-05-31,428030.51
87,741,Savings,2019-07-28,296392.31
88,76,Current,2024-02-21,130578.82
89,890,Savings,2019-04-30,498495.51
90,926,Savings,2019-06-04,384205.55
91,205,Savings,2020-02-22,309153.19
92,984,Current,2022-04-01,391276.45
93,984,Savings,2020-09-01,407969.26
94,163,Savings,2019-03-16,13271.19
95,98,Savings,2021-12-09,258791.43
96,746,Current,2026-05-22,452209.62
97,382,Savings,2025-10-08,146424.92
98,328,Savings,2021-09-14,197278.04
99,470,Savings,2022-01-23,234396.45
100,60,Savings,2022-12-15,306662.57
101,151,Current,2019-04-23,76561.78
102,129,Current,2021-01-27,56222.48
103,589,Current,2018-12-28,139758.03
104,409,Current,2024-09-21,185888.54
105,733,Current,2020-04-28,347967.45
106,280,Current,2020-01-17,390356.68
107,15,Savings,2021-11-07,194631.46
108,763,Savings,2023-05-04,250403.85
109,689,Current,2024-08-22,187260.31
110,927,Savings,2020-11-14,218410.76
111,552,Savings,2021-12-30,37838.74
112,82,Current,2022-07-04,382866.53
113,582,Savings,2026-05-18,3933.29
114,759,Savings,2024-06-07,352285.29
115,209,Current,2023-05-10,37248.26
116,851,Current,2022-08-09,289978.69
117,814,Savings,2020-07-26,280020.22
118,746,Current,2020-09-07,111060.76
119,910,Current,2021-03-05,67463.64
120,273,Savings,2019-05-26,32165.39
121,183,Current,2021-04-17,353197.09
122,652,Current,2020-06-07,108327.27
123,650,Savings,2025-03-19,359243.88
124,51,Savings,2021-11-27,290728.38
125,986,Savings,2024-04-08,110414.75
126,356,Savings,2023-07-13,298603.05
127,856,Current,2024-01-14,394961.49
128,933,Savings,2021-08-05,264623.65
129,693,Current,2018-10-07,354737.46
130,269,Savings,2024-07-21,437724.72
131,667,Current,2021-03-08,203985.69
132,45,Current,2019-07-05,364855.11
133,782,Current,2024-01-24,49754.84
134,149,Savings,2025-05-04,240905.22
135,252,Current,2020-06-29,185675.45
136,537,Savings,2024-11-13,409484.04
137,88,Current,2020-03-12,492056.0
138,973,Savings,2019-09-24,490024.96
139,82,Savings,2022-02-14,22729.47
140,221,Savings,2026-01-24,302916.33
141,537,Savings,2025-03-07,163097.29
142,213,Savings,2024-07-27,473854.9
143,900,Current,2019-12-15,491610.7
144,289,Savings,2019-11-05,190337.47
145,696,Savings,2023-06-13,217196.06
146,36,Current,2022-12-27,59941.48
147,681,Current,2023-07-23,364168.51
148,761,Current,2020-01-18,10103.7
149,177,Current,2022-09-08,130784.75
150,65,Current,2025-02-14,34506.67
151,769,Savings,2025-03-19,231908.15
152,72,Current,2021-02-27,206745.83
153,835,Current,2019-03-16,133934.66
154,58,Current,2022-07-21,495025.77
155,765,Savings,2023-05-16,474641.8
156,317,Savings,2024-12-31,497328.15
157,988,Savings,2023-08-12,32906.68
158,149,Current,2019-11-27,474761.82
159,760,Current,2022-04-27,92751.06
160,403,Savings,2024-01-10,327474.27
161,119,Current,2026-02-05,305121.14
162,355,Current,2025-07-30,262585.39
163,111,Current,2022-03-08,485671.56
164,483,Savings,2019-09-01,216978.65
165,937,Current,2022-04-19,387799.67
166,881,Savings,2019-11-23,437086.64
167,757,Savings,2020-05-20,234926.59
168,682,Savings,2025-10-29,491350.14
169,162,Savings,2023-10-18,85666.64
170,957,Current,2024-07-18,1746.04
171,988,Savings,2021-02-27,382040.49
172,291,Current,2026-01-21,496370.87
173,676,Current,2024-09-04,82317.67
174,424,Savings,2020-11-17,357938.21
175,796,Savings,2019-08-03,95633.18
176,774,Savings,2024-08-02,319439.23
177,509,Savings,2021-03-02,28794.98
178,54,Savings,2023-11-05,496211.78
179,853,Savings,2019-11-06,209569.98
180,745,Current,2025-04-04,367520.34
181,503,Savings,2025-09-26,421974.44
182,780,Current,2024-07-10,93609.86
183,55,Savings,2019-07-03,75500.72
184,989,Current,2025-12-16,320733.87
185,368,Savings,2022-02-13,356316.37
186,942,Savings,2022-01-11,394158.89
187,535,Savings,2023-08-09,82740.48
188,944,Current,2026-02-16,235624.29
189,689,Savings,2025-07-10,247365.1
190,40,Savings,2019-08-01,390699.77
191,177,Current,2026-06-05,392477.92
192,283,Savings,2023-06-12,201285.45
193,255,Current,2022-07-26,252765.35
194,404,Savings,2022-03-29,4144.28
195,478,Current,2021-09-11,83522.43
196,828,Current,2019-09-14,445852.33
197,560,Current,2020-04-24,488199.37
198,139,Savings,2023-02-17,201861.54
199,611,Savings,2019-04-18,293296.85
200,389,Savings,2022-04-21,158514.53
201,660,Current,2021-12-12,307643.44
202,132,Savings,2019-08-29,57038.22
203,936,Current,2023-03-07,279195.93
204,74,Current,2020-08-29,367690.5
205,881,Current,2025-03-14,398236.1
206,265,Current,2022-03-20,148830.81
207,517,Savings,2019-10-20,72142.7
208,94,Current,2020-06-06,396126.62
209,831,Savings,2026-04-26,297217.72
210,872,Savings,2022-08-02,365323.08
211,105,Current,2024-11-23,147255.74
212,644,Current,2024-11-29,134518.24
213,555,Savings,2025-10-02,189324.05
214,476,Current,2024-12-28,186709.48
215,344,Savings,2022-11-18,97737.18
216,182,Savings,2022-07-15,328858.58
217,921,Current,2019-03-06,474750.25
218,635,Current,2024-03-17,330987.03
219,551,Savings,2022-02-07,385118.31
220,35,Savings,2019-01-15,222617.51
221,651,Savings,2025-02-18,472489.72
222,966,Savings,2025-01-02,494836.96
223,211,Savings,2022-01-22,75492.18
224,311,Current,2022-11-07,381120.35
225,825,Current,2023-07-15,40402.81
226,359,Savings,2025-10-31,223927.52
227,528,Current,2019-05-20,313443.33
228,16,Current,2021-04-01,355128.48
229,501,Current,2026-02-01,473744.55
230,545,Savings,2025-04-11,203361.46
231,276,Savings,2023-05-27,80980.7
232,179,Current,2019-08-17,174494.48
233,550,Current,2021-09-11,307763.73
234,408,Savings,2022-09-06,45761.75
235,149,Current,2022-04-01,496779.11
236,651,Current,2024-07-23,156065.64
237,622,Current,2022-03-05,434300.66
238,309,Savings,2021-08-30,285669.54
239,89,Savings,2023-01-02,133439.16
240,854,Current,2019-01-28,312688.77
241,134,Current,2023-08-01,299131.11
242,261,Savings,2018-07-08,417990.73
243,394,Current,2023-04-25,276354.72
244,816,Savings,2022-07-17,210427.35
245,131,Savings,2024-10-08,198686.16
246,622,Current,2024-04-02,214094.56
247,629,Savings,2025-01-12,134055.97
248,113,Current,2026-05-19,292376.5
249,108,Current,2023-06-24,90237.84
250,232,Current,2020-08-30,197613.4
251,505,Savings,2022-01-11,228910.75
252,141,Savings,2024-09-06,304750.49
253,182,Current,2026-06-06,373365.73
254,744,Current,2018-12-13,391222.84
255,760,Savings,2022-07-14,335329.32
256,19,Current,2023-08-21,197844.59
257,676,Current,2025-08-17,339350.6
258,270,Current,2019-11-16,90635.86
259,365,Current,2018-08-29,463583.68
260,380,Savings,2024-06-23,411268.52
261,358,Savings,2025-10-22,266141.91
262,495,Current,2020-01-26,366098.08
263,194,Current,2024-11-12,22006.05
264,460,Savings,2025-05-06,200043.12
265,71,Savings,2022-03-16,446384.96
266,559,Savings,2026-03-14,7697.26
267,903,Current,2023-04-18,330561.65
268,723,Savings,2020-01-15,43300.75
269,523,Current,2025-08-18,166527.18
270,79,Current,2022-09-25,257744.29
271,632,Savings,2026-05-16,149236.7
272,758,Savings,2020-04-19,320950.99
273,5,Savings,2023-05-13,227349.2
274,189,Current,2023-08-15,200566.79
275,322,Current,2021-12-16,284581.25
276,805,Current,2019-06-11,170979.65
277,626,Current,2022-10-30,449051.47
278,240,Current,2025-06-29,148681.12
279,213,Current,2024-08-21,245280.23
280,689,Savings,2023-09-07,148042.29
281,543,Savings,2023-12-07,286865.84
282,289,Savings,2018-12-19,196464.24
283,581,Current,2020-12-24,218055.16
284,188,Current,2025-05-31,371205.68
285,670,Savings,2024-03-25,71382.75
286,533,Savings,2025-01-06,157728.86
287,959,Current,2021-11-28,423466.23
288,111,Current,2024-11-03,351977.1
289,238,Current,2019-01-09,405139.63
290,637,Savings,2019-03-25,40559.8
291,201,Savings,2026-06-14,172001.73
292,6,Current,2026-04-17,45742.02
293,202,Savings,2020-10-23,162574.36
294,360,Savings,2022-09-03,321934.61
295,556,Current,2025-08-26,258966.74
296,385,Current,2020-02-19,341319.6
297,927,Current,2020-06-27,346222.26
298,350,Current,2018-09-15,426080.85
299,776,Current,2024-03-31,239771.75
300,178,Savings,2023-10-21,275557.15
301,805,Current,2025-04-24,471624.03
302,360,Savings,2023-11-15,372705.97
303,299,Savings,2022-01-09,469421.72
304,432,Savings,2023-04-27,58880.62
305,841,Savings,2023-09-13,485790.93
306,328,Savings,2022-01-26,176225.39
307,633,Savings,2019-07-01,148158.43
308,748,Savings,2022-02-01,443705.6
309,469,Current,2020-02-12,238317.55
310,458,Current,2025-06-13,358553.96
311,482,Savings,2018-11-22,202336.15
312,503,Savings,2026-06-02,313316.83
313,915,Current,2022-11-04,113350.0
314,962,Savings,2020-01-07,249727.84
315,217,Savings,2020-05-03,64336.25
316,643,Savings,2024-02-25,202043.65
317,945,Current,2019-06-04,496932.75
318,162,Current,2020-11-05,7184.39
319,265,Savings,2024-05-27,431346.91
320,427,Current,2024-07-25,391380.73
321,264,Current,2023-03-11,243294.14
322,706,Savings,2025-06-15,200657.8
323,99,Savings,2024-08-17,105109.52
324,165,Current,2024-04-24,479631.07
325,362,Savings,2019-10-16,400691.65
326,964,Current,2024-07-10,469692.47
327,499,Savings,2023-11-20,131449.67
328,933,Savings,2026-03-08,351038.93
329,691,Current,2022-06-16,270560.41
330,835,Savings,2026-03-06,419548.04
331,195,Current,2019-07-14,286038.39
332,440,Savings,2021-03-11,241530.65
333,44,Current,2026-05-10,201502.28
334,724,Current,2018-07-14,414517.91
335,569,Savings,2021-03-01,352989.75
336,569,Current,2020-10-23,499225.56
337,517,Savings,2023-07-27,47803.23
338,434,Current,2019-03-04,3204.37
339,491,Current,2023-10-16,256604.45
340,565,Current,2025-10-07,464353.3
341,418,Savings,2019-10-01,347304.7
342,666,Savings,2019-12-09,83413.0
343,245,Savings,2022-06-14,334743.02
344,561,Current,2019-05-12,477945.51
345,331,Savings,2023-11-13,83652.52
346,535,Current,2026-04-24,405893.46
347,625,Savings,2025-09-11,261055.68
348,75,Current,2023-11-04,25783.47
349,999,Current,2021-05-06,482133.94
350,934,Current,2026-03-22,478781.37
351,316,Savings,2020-03-18,168018.77
352,259,Current,2018-09-13,270825.47
353,689,Current,2022-02-12,154926.69
354,97,Savings,2020-02-07,368808.44
355,247,Current,2021-02-09,204091.2
356,944,Current,2021-01-28,260794.04
357,190,Current,2022-02-18,168483.34
358,100,Current,2024-11-20,486113.44
359,584,Current,2025-07-22,468795.67
360,187,Savings,2022-06-18,249948.41
361,225,Savings,2020-12-28,466370.71
362,975,Savings,2021-03-27,158791.53
363,107,Current,2023-04-05,320168.14
364,672,Current,2022-07-12,11049.78
365,447,Current,2025-09-09,484075.91
366,628,Savings,2026-01-24,70662.01
367,489,Savings,2025-07-29,185833.26
368,562,Current,2021-09-09,329906.13
369,422,Savings,2024-03-20,30115.22
370,258,Current,2024-09-14,78074.66
371,672,Current,2020-11-02,176486.02
372,28,Current,2022-11-19,380426.64
373,953,Current,2023-11-29,463105.74
374,983,Savings,2022-11-22,391173.48
375,621,Current,2026-02-11,62228.37
376,533,Current,2018-07-04,491222.22
377,975,Current,2020-05-14,427486.15
378,102,Savings,2025-02-23,135805.77
379,138,Current,2025-01-18,190606.6
380,877,Current,2020-03-17,68132.08
381,105,Savings,2022-02-10,239530.84
382,995,Current,2019-03-04,157943.28
383,319,Savings,2024-03-03,4458.1
384,707,Savings,2022-02-21,317456.01
385,536,Savings,2025-12-20,145989.68
386,373,Savings,2024-01-03,304869.68
387,971,Savings,2026-02-23,377015.39
388,870,Savings,2021-08-12,278790.4
389,652,Current,2022-09-13,138696.13
390,310,Savings,2022-02-13,487142.85
391,726,Current,2022-03-17,29666.84
392,961,Current,2021-12-27,348793.44
393,198,Savings,2022-04-14,171362.83
394,445,Savings,2022-04-20,383686.41
395,479,Savings,2020-01-16,88820.06
396,915,Current,2020-10-18,122791.17
397,215,Savings,2020-05-08,336416.65
398,713,Current,2021-01-24,260834.68
399,402,Current,2020-11-22,322153.81
400,569,Savings,2020-09-25,266531.42
401,283,Current,2020-05-12,412404.54
402,151,Current,2023-08-18,470169.24
403,954,Savings,2020-08-16,415532.95
404,360,Current,2022-06-27,228394.65
405,968,Savings,2024-02-23,219050.01
406,716,Current,2026-04-13,451316.46
407,496,Current,2024-06-16,478027.98
408,245,Savings,2018-06-27,62247.03
409,533,Savings,2024-03-01,119647.26
410,84,Current,2025-01-27,22288.73
411,840,Current,2024-07-27,178406.57
412,777,Savings,2021-05-11,157837.67
413,610,Savings,2022-04-19,268143.98
414,724,Savings,2024-11-01,361702.22
415,185,Savings,2019-08-26,30316.55
416,698,Current,2022-05-26,16229.11
417,402,Savings,2026-04-27,320187.13
418,409,Current,2022-03-11,208440.89
419,417,Savings,2021-12-21,125427.9
420,298,Current,2022-05-20,367903.88
421,815,Current,2018-09-25,371657.21
422,718,Current,2025-12-19,298755.38
423,244,Savings,2019-02-05,331525.49
424,861,Savings,2023-01-21,223912.62
425,494,Current,2020-03-19,204376.79
426,279,Current,2024-03-10,410274.39
427,115,Current,2025-06-16,338871.36
428,824,Savings,2024-06-19,406638.71
429,959,Current,2023-08-12,334431.38
430,959,Current,2021-04-26,179698.71
431,535,Current,2018-06-30,39687.08
432,778,Current,2021-07-23,423780.17
433,610,Savings,2025-11-28,149088.31
434,708,Savings,2025-01-21,444394.16
435,17,Savings,2025-06-03,209522.7
436,807,Savings,2022-03-21,57513.6
437,598,Savings,2018-07-01,416070.65
438,661,Savings,2024-10-30,390624.87
439,579,Current,2025-06-16,178143.55
440,94,Current,2019-12-25,282627.18
441,959,Savings,2022-08-10,282195.21
442,74,Current,2020-01-28,273206.74
443,983,Current,2019-09-12,430665.75
444,507,Savings,2022-08-04,215986.13
445,225,Current,2021-01-25,218183.08
446,634,Savings,2019-11-26,224256.42
447,222,Current,2026-01-09,309494.18
448,707,Savings,2022-04-25,6559.61
449,362,Savings,2021-06-18,38280.04
450,893,Current,2024-06-10,279642.96
451,808,Savings,2022-05-25,123362.01
452,33,Savings,2024-01-27,151353.15
453,523,Current,2023-03-10,474576.12
454,737,Savings,2018-10-28,81798.61
455,311,Current,2019-06-26,59364.66
456,452,Savings,2021-05-25,37434.36
457,823,Savings,2021-12-19,195247.39
458,508,Savings,2024-12-09,227811.54
459,958,Savings,2024-12-04,473346.22
460,695,Current,2025-11-10,316340.02
461,666,Current,2021-11-01,35062.34
462,234,Current,2024-04-25,125906.12
463,52,Savings,2025-06-23,373919.24
464,342,Savings,2025-05-04,305200.16
465,199,Savings,2022-11-17,40685.85
466,466,Current,2025-04-05,494309.88
467,976,Current,2023-03-14,80187.81
468,911,Current,2024-01-11,195017.7
469,746,Savings,2020-03-13,187821.72
470,521,Savings,2019-03-30,204595.93
471,602,Savings,2026-06-18,213165.96
472,276,Savings,2024-02-20,176699.55
473,485,Current,2020-01-22,470289.15
474,270,Current,2022-04-12,17447.63
475,844,Current,2020-12-05,12035.06
476,201,Savings,2019-06-24,206065.24
477,796,Current,2024-07-12,458252.1
478,198,Current,2025-01-18,425041.54
479,119,Current,2023-10-13,97305.27
480,659,Savings,2019-11-05,324660.58
481,426,Savings,2020-05-04,230601.76
482,549,Current,2025-04-08,327055.32
483,1,Current,2020-08-27,122828.08
484,713,Savings,2025-06-13,430929.47
485,448,Savings,2023-03-10,171825.62
486,199,Current,2020-06-03,432952.41
487,930,Savings,2021-05-11,247908.97
488,419,Current,2022-03-31,483331.01
489,977,Savings,2023-12-31,167195.41
490,494,Current,2018-09-18,369398.83
491,458,Current,2024-09-09,99912.84
492,521,Current,2023-07-08,400640.0
493,643,Savings,2020-08-09,324034.74
494,878,Savings,2021-09-04,69403.77
495,847,Current,2021-04-08,373257.04
496,644,Current,2025-04-09,325593.9
497,107,Savings,2018-08-21,38245.42
498,545,Savings,2020-09-17,102962.4
499,689,Savings,2018-12-12,289908.34
500,218,Savings,2024-03-15,304489.57
501,472,Savings,2020-12-28,197958.49
502,327,Current,2026-01-15,59864.4
503,216,Current,2023-11-19,418300.85
504,54,Current,2026-06-04,412771.6
505,3,Savings,2025-12-20,334501.43
506,331,Savings,2022-09-15,458981.09
507,779,Current,2023-11-04,260268.26
508,711,Savings,2025-01-25,295186.0
509,858,Savings,2025-12-15,201077.11
510,971,Current,2026-04-24,231069.3
511,338,Current,2019-06-26,156459.01
512,770,Current,2022-05-28,141889.23
513,395,Current,2023-09-29,497919.67
514,747,Savings,2024-01-27,438904.98
515,739,Savings,2019-03-17,356276.04
516,14,Savings,2023-05-10,172629.1
517,273,Savings,2020-03-17,457768.04
518,381,Savings,2019-04-22,55889.81
519,241,Current,2020-09-21,9373.83
520,902,Current,2024-06-21,246723.21
521,397,Savings,2022-11-15,269704.06
522,328,Savings,2026-02-08,339026.65
523,3,Savings,2022-10-12,11495.43
524,567,Savings,2021-05-10,432106.99
525,973,Savings,2020-01-15,60384.04
526,287,Current,2023-04-23,24709.67
527,761,Current,2023-07-29,468020.32
528,739,Savings,2020-05-15,258698.85
529,90,Current,2022-11-23,68637.4
530,645,Savings,2023-07-19,477876.34
531,487,Current,2019-05-08,460844.75
532,242,Current,2019-04-15,333461.89
533,438,Savings,2024-09-18,180745.05
534,751,Savings,2026-02-05,88864.73
535,295,Current,2023-11-23,419167.08
536,839,Current,2024-06-21,439061.65
537,761,Current,2019-01-28,315951.15
538,560,Current,2025-10-02,358960.19
539,666,Savings,2025-01-13,34760.83
540,691,Savings,2020-02-14,187222.66
541,97,Current,2025-03-23,446085.94
542,428,Current,2021-07-15,435169.68
543,487,Current,2024-09-14,194950.9
544,102,Savings,2019-02-20,210701.02
545,932,Savings,2024-05-15,458994.71
546,480,Current,2024-02-02,360409.14
547,621,Savings,2024-05-14,386107.06
548,996,Savings,2019-11-19,236726.08
549,193,Current,2025-09-15,199206.07
550,999,Current,2018-07-20,237871.35
551,222,Current,2025-04-05,159141.1
552,764,Savings,2026-04-12,235417.66
553,25,Savings,2021-05-18,402027.85
554,91,Current,2020-04-14,435250.23
555,925,Savings,2024-02-14,305969.78
556,662,Current,2020-07-22,124627.57
557,158,Current,2023-10-24,303345.43
558,819,Savings,2026-01-29,197086.07
559,284,Current,2026-04-18,466001.83
560,706,Current,2026-02-19,306815.62
561,270,Current,2022-04-14,423123.11
562,89,Savings,2020-05-27,7678.16
563,253,Current,2018-09-06,485664.31
564,761,Savings,2021-07-15,197094.89
565,612,Current,2024-02-26,316135.84
566,738,Savings,2025-07-11,470099.79
567,495,Current,2019-09-03,198167.74
568,454,Savings,2018-08-06,218578.7
569,772,Current,2024-11-19,157405.02
570,575,Current,2026-01-23,43188.72
571,298,Savings,2019-02-25,198476.27
572,734,Savings,2021-07-31,334247.79
573,12,Savings,2020-04-20,84828.27
574,879,Savings,2022-12-07,300111.01
575,878,Savings,2024-01-13,50128.76
576,942,Current,2026-01-01,135445.86
577,372,Current,2023-09-09,279907.11
578,593,Savings,2018-09-26,336113.13
579,578,Current,2018-08-29,381394.88
580,565,Savings,2019-12-03,95521.92
581,841,Savings,2025-09-20,53563.37
582,175,Savings,2025-09-03,187196.34
583,749,Current,2025-10-21,491261.06
584,235,Savings,2024-08-31,238539.45
585,979,Savings,2024-10-22,121604.08
586,887,Savings,2020-10-19,148564.66
587,353,Current,2022-06-24,284041.62
588,951,Current,2018-07-04,412894.74
589,564,Current,2019-03-08,61938.77
590,782,Current,2025-05-29,34302.89
591,923,Savings,2019-02-03,275828.98
592,281,Savings,2025-04-15,87119.99
593,8,Savings,2023-06-18,479056.37
594,809,Savings,2022-08-10,40055.5
595,853,Current,2021-06-01,95782.88
596,775,Savings,2025-11-09,279593.08
597,233,Savings,2023-04-18,240674.38
598,129,Savings,2022-03-18,3743.66
599,265,Savings,2023-03-12,443683.19
600,395,Savings,2021-03-09,94075.41
601,836,Savings,2019-08-17,256616.85
602,163,Savings,2023-06-12,124877.28
603,960,Current,2026-02-07,393757.51
604,163,Savings,2018-08-11,368623.0
605,519,Current,2025-07-16,318107.68
606,225,Savings,2020-04-01,440335.45
607,621,Savings,2024-05-27,122045.36
608,609,Savings,2025-04-23,419902.05
609,735,Current,2025-11-27,230004.76
610,478,Current,2022-04-12,341462.18
611,500,Savings,2024-08-16,388946.52
612,345,Current,2019-10-08,98546.34
613,330,Savings,2025-04-28,495286.49
614,782,Current,2023-08-05,115088.35
615,139,Current,2024-01-23,40095.04
616,923,Savings,2025-07-02,187184.91
617,573,Current,2022-05-21,396555.69
618,916,Savings,2022-06-24,165994.98
619,961,Current,2022-11-17,398527.22
620,879,Current,2019-02-18,82246.95
621,955,Savings,2022-12-08,383723.34
622,260,Current,2022-11-27,317983.04
623,121,Current,2025-07-06,274066.53
624,43,Savings,2020-04-07,421631.78
625,482,Current,2022-06-27,247595.6
626,127,Savings,2020-06-07,16531.86
627,125,Current,2019-12-21,437755.82
628,841,Savings,2023-07-06,13108.54
629,780,Current,2022-10-08,376312.77
630,5,Current,2021-10-15,15977.6
631,540,Current,2021-07-18,432949.22
632,599,Current,2025-01-31,157569.32
633,543,Savings,2024-10-22,152010.62
634,62,Current,2021-12-02,152406.4
635,34,Current,2024-08-10,495867.36
636,23,Savings,2023-04-18,488473.61
637,504,Current,2023-02-03,312685.19
638,44,Savings,2019-07-05,451727.5
639,327,Savings,2021-07-01,23285.55
640,498,Current,2024-08-07,263935.35
641,97,Savings,2023-11-26,392305.59
642,101,Savings,2021-02-22,241135.78
643,231,Savings,2018-10-12,95653.98
644,843,Savings,2019-02-17,30503.79
645,529,Current,2022-11-29,345182.53
646,367,Current,2022-11-13,498198.2
647,554,Current,2023-12-01,240794.3
648,389,Current,2026-01-08,447543.99
649,918,Savings,2025-01-14,90104.04
650,694,Savings,2020-05-28,14799.49
651,687,Current,2021-07-25,142735.27
652,722,Savings,2020-06-10,190285.49
653,530,Current,2023-09-30,298666.58
654,493,Current,2025-01-23,85599.81
655,97,Savings,2023-07-03,38265.98
656,811,Current,2026-02-09,208185.0
657,952,Current,2019-08-07,380239.17
658,700,Savings,2019-05-17,113438.09
659,56,Savings,2022-04-19,149521.24
660,255,Current,2018-11-15,4885.05
661,603,Savings,2021-06-13,280688.59
662,479,Current,2025-03-10,167662.53
663,561,Savings,2021-05-31,417039.94
664,821,Savings,2020-06-03,463993.67
665,152,Savings,2026-03-08,414190.17
666,923,Current,2024-10-10,446955.92
667,732,Current,2018-09-10,82720.71
668,844,Current,2019-01-31,129205.72
669,483,Current,2024-08-30,198360.64
670,287,Current,2020-02-06,493135.43
671,502,Savings,2024-03-05,403339.39
672,435,Current,2023-04-02,344983.41
673,16,Current,2025-06-05,458504.83
674,468,Savings,2023-09-14,47949.41
675,449,Current,2018-08-22,477852.06
676,41,Savings,2019-08-30,13999.2
677,501,Current,2026-01-14,414369.17
678,83,Savings,2022-07-30,475833.77
679,860,Savings,2023-08-25,258575.28
680,813,Current,2020-12-24,388186.7
681,353,Current,2018-10-21,338392.24
682,970,Savings,2020-11-27,456817.72
683,163,Current,2019-05-08,81079.73
684,882,Current,2024-02-02,422741.17
685,317,Current,2018-08-10,43616.16
686,815,Savings,2020-05-05,473198.44
687,139,Savings,2019-09-28,47142.78
688,413,Savings,2019-05-26,327611.17
689,846,Savings,2022-01-23,237106.5
690,896,Current,2022-11-27,492401.06
691,302,Current,2025-08-10,249778.67
692,756,Savings,2021-08-22,276414.05
693,821,Savings,2021-12-12,242855.65
694,271,Current,2024-11-25,284280.56
695,910,Current,2023-02-10,305367.22
696,24,Savings,2025-08-11,163997.66
697,676,Current,2019-04-14,202315.72
698,187,Savings,2020-10-29,308315.79
699,675,Savings,2022-11-25,356058.17
700,734,Savings,2019-10-16,354204.17
701,459,Current,2021-04-22,470103.64
702,229,Savings,2025-12-26,178284.68
703,439,Savings,2022-03-18,51152.6
704,704,Savings,2020-04-03,111253.04
705,261,Savings,2022-04-17,18037.92
706,869,Current,2021-07-01,325954.62
707,824,Savings,2019-02-16,250275.03
708,722,Savings,2022-06-07,121653.24
709,143,Savings,2025-11-25,170168.31
710,829,Savings,2021-12-25,381531.89
711,368,Savings,2019-09-02,56796.36
712,39,Savings,2023-05-11,121221.83
713,630,Current,2019-11-13,248296.03
714,165,Current,2024-12-31,471687.2
715,546,Savings,2020-06-02,130896.26
716,259,Current,2019-03-12,84555.66
717,247,Savings,2018-12-24,101780.32
718,240,Current,2019-03-29,444539.16
719,384,Savings,2022-04-17,22989.97
720,941,Current,2026-06-14,77369.66
721,694,Current,2020-08-20,146928.09
722,431,Current,2025-05-02,8885.93
723,812,Current,2021-04-02,419709.42
724,767,Current,2023-04-18,132231.05
725,214,Savings,2023-11-30,354858.76
726,596,Savings,2020-05-05,316575.18
727,248,Savings,2019-10-19,492184.25
728,957,Current,2021-07-12,49218.92
729,489,Savings,2024-07-31,422254.22
730,709,Savings,2018-09-21,172747.36
731,742,Savings,2019-03-22,165865.89
732,13,Current,2021-08-24,220775.49
733,965,Savings,2020-05-22,416382.96
734,477,Savings,2022-12-18,312943.99
735,392,Current,2025-02-03,421352.18
736,395,Current,2025-02-12,12211.58
737,384,Savings,2021-05-24,484429.56
738,402,Current,2024-02-16,253135.21
739,71,Current,2025-12-07,224825.77
740,736,Current,2019-01-10,434208.94
741,261,Current,2025-07-22,404391.58
742,771,Savings,2018-07-02,10739.48
743,615,Current,2024-04-16,82384.45
744,699,Savings,2020-11-03,5779.55
745,505,Current,2021-01-09,74531.07
746,238,Current,2022-04-21,417692.36
747,31,Savings,2022-03-28,448176.75
748,745,Savings,2023-07-06,44195.11
749,81,Savings,2019-11-05,307528.82
750,761,Savings,2020-07-10,369804.18
751,848,Current,2018-06-29,475880.2
752,525,Savings,2020-05-24,121748.09
753,502,Current,2023-07-20,359928.53
754,515,Savings,2021-01-17,258628.8
755,408,Savings,2019-03-14,85595.53
756,358,Savings,2026-06-13,441423.23
757,894,Savings,2025-11-29,196184.94
758,611,Current,2018-12-11,165184.46
759,722,Savings,2023-12-30,272265.17
760,905,Savings,2021-06-28,168678.64
761,536,Current,2024-03-26,413183.02
762,434,Current,2025-04-16,495483.34
763,245,Savings,2021-12-11,86842.75
764,106,Savings,2026-03-26,433720.5
765,815,Savings,2020-07-01,429994.83
766,476,Current,2025-11-11,320698.9
767,947,Current,2021-09-09,490023.49
768,342,Savings,2018-07-12,111834.45
769,107,Current,2022-09-13,35923.8
770,893,Current,2018-07-28,155567.91
771,686,Savings,2021-12-21,488541.7
772,915,Savings,2025-05-18,464806.26
773,227,Current,2020-10-05,147346.59
774,22,Savings,2020-11-10,65073.43
775,233,Current,2025-11-24,32205.81
776,782,Current,2025-02-10,300092.89
777,174,Current,2020-02-15,203996.26
778,84,Current,2021-10-14,97020.94
779,498,Savings,2023-06-23,464047.87
780,694,Current,2026-04-27,415558.18
781,176,Savings,2024-07-01,54070.68
782,498,Savings,2025-03-05,125530.05
783,618,Savings,2026-06-17,386141.1
784,776,Savings,2021-10-02,481960.03
785,425,Current,2023-12-25,472006.28
786,737,Savings,2020-03-09,204836.39
787,133,Current,2019-06-08,285955.11
788,649,Savings,2024-06-12,220710.2
789,311,Savings,2018-06-28,69942.29
790,631,Current,2019-01-17,474287.17
791,234,Current,2020-02-29,33957.91
792,630,Savings,2020-06-07,225852.67
793,453,Current,2023-01-04,407833.59
794,156,Current,2025-06-16,380038.73
795,587,Current,2023-07-16,401645.19
796,325,Current,2024-05-08,442231.13
797,708,Current,2018-12-16,140126.74
798,431,Current,2024-12-09,406464.04
799,594,Current,2019-09-04,49036.56
800,458,Current,2022-06-23,400573.23
801,275,Savings,2025-07-11,136054.72
802,853,Current,2022-04-12,486053.32
803,778,Savings,2019-09-06,337570.11
804,815,Current,2020-05-24,329491.43
805,528,Savings,2021-07-20,462910.87
806,692,Current,2021-12-13,30478.79
807,159,Current,2025-02-18,277876.62
808,277,Savings,2018-10-09,342957.07
809,802,Current,2025-08-16,170292.93
810,826,Savings,2024-07-28,415660.38
811,814,Savings,2019-10-09,94054.37
812,117,Savings,2020-11-24,42788.81
813,51,Savings,2024-04-14,482143.28
814,48,Current,2026-03-26,55255.24
815,787,Current,2026-01-18,456045.07
816,512,Savings,2024-06-29,276492.16
817,601,Savings,2019-05-19,407830.92
818,899,Current,2026-01-11,143728.33
819,809,Current,2021-05-23,494495.8
820,761,Savings,2024-04-12,52952.48
821,534,Savings,2026-03-16,129375.37
822,967,Savings,2018-07-29,85306.7
823,111,Current,2022-09-27,91759.62
824,709,Savings,2020-08-03,146012.15
825,714,Savings,2020-07-02,220324.22
826,11,Savings,2022-06-02,385703.73
827,582,Savings,2023-12-02,193415.96
828,590,Current,2019-07-23,329095.49
829,48,Current,2025-10-10,152475.83
830,583,Savings,2019-07-13,365448.4
831,24,Savings,2020-09-10,179813.53
832,976,Savings,2019-03-14,425658.87
833,334,Savings,2019-05-19,304016.26
834,172,Savings,2025-09-07,438861.21
835,938,Current,2024-10-07,102444.02
836,27,Current,2024-01-24,408968.58
837,168,Current,2023-05-27,97954.94
838,459,Current,2021-04-23,407545.73
839,848,Savings,2020-11-27,432558.66
840,927,Savings,2024-07-17,143004.04
841,534,Current,2024-12-26,435237.69
842,726,Savings,2024-12-12,380007.75
843,288,Savings,2019-09-19,280797.38
844,624,Savings,2024-05-22,440940.26
845,72,Savings,2023-12-31,48554.75
846,564,Current,2022-01-22,180991.25
847,629,Current,2023-03-30,423407.89
848,144,Savings,2023-10-03,467745.95
849,130,Savings,2020-07-06,180429.25
850,476,Savings,2022-08-27,11356.18
851,536,Savings,2020-07-24,357758.14
852,140,Savings,2018-06-27,308957.87
853,80,Savings,2023-08-20,102304.58
854,318,Current,2025-06-24,372341.67
855,602,Savings,2019-11-12,89668.37
856,930,Current,2020-04-16,155237.2
857,303,Savings,2020-06-22,208554.19
858,617,Current,2022-10-11,143032.07
859,654,Current,2025-12-07,222252.01
860,573,Savings,2023-02-14,236496.35
861,849,Current,2020-01-24,352176.27
862,606,Savings,2022-11-09,384590.7
863,117,Current,2023-03-26,23637.44
864,427,Savings,2023-03-07,206386.35
865,987,Savings,2022-12-11,261215.58
866,918,Current,2019-08-06,251918.66
867,19,Current,2018-10-28,462608.35
868,887,Current,2024-04-30,38878.46
869,783,Savings,2019-05-17,254942.47
870,818,Current,2018-10-28,106057.28
871,191,Current,2024-02-04,411968.72
872,852,Current,2021-11-30,253527.55
873,214,Current,2023-09-12,7173.87
874,913,Savings,2018-09-28,419138.03
875,851,Current,2020-12-27,18631.47
876,46,Current,2025-12-23,193395.52
877,464,Savings,2020-04-07,32412.67
878,668,Savings,2026-04-20,240902.17
879,666,Savings,2021-11-06,85710.67
880,527,Current,2022-02-21,112996.52
881,710,Current,2025-08-23,398749.31
882,107,Current,2024-04-07,461802.64
883,677,Current,2021-12-04,43006.06
884,153,Savings,2025-05-10,35037.57
885,899,Savings,2019-03-08,7376.65
886,304,Savings,2021-04-21,264378.26
887,852,Current,2022-01-20,80789.33
888,674,Savings,2022-07-07,418773.46
889,250,Current,2019-04-16,494170.11
890,589,Savings,2021-08-21,299818.58
891,1000,Savings,2020-07-06,72715.63
892,167,Current,2021-02-03,375896.89
893,374,Current,2025-05-30,63088.75
894,529,Savings,2024-07-06,179054.7
895,394,Current,2019-10-30,89603.98
896,638,Savings,2019-06-19,395337.54
897,392,Current,2025-11-09,34181.09
898,591,Savings,2022-02-19,84795.33
899,336,Savings,2023-05-30,277160.04
900,617,Current,2018-06-27,78511.08
901,747,Current,2023-09-27,358085.93
902,78,Savings,2023-09-03,196823.24
903,341,Savings,2025-01-31,475955.87
904,280,Current,2026-03-16,153606.54
905,654,Savings,2022-09-12,197838.02
906,177,Current,2025-07-21,24204.52
907,580,Current,2024-05-14,331790.31
908,656,Savings,2020-04-23,198067.61
909,999,Savings,2021-11-28,169187.86
910,606,Current,2022-01-31,269788.42
911,42,Savings,2023-03-20,298482.5
912,991,Current,2020-12-08,119778.35
913,269,Savings,2021-02-15,350673.92
914,723,Current,2024-03-18,374656.89
915,444,Current,2021-09-02,334292.02
916,108,Savings,2022-08-22,365141.66
917,200,Savings,2021-07-22,53347.55
918,258,Current,2023-06-19,316029.61
919,501,Current,2019-07-12,273840.91
920,259,Current,2021-04-05,91580.13
921,121,Savings,2025-11-30,204583.37
922,602,Savings,2020-09-24,245568.25
923,465,Current,2021-04-28,492887.17
924,880,Current,2023-12-10,68524.02
925,33,Savings,2021-04-20,182592.61
926,418,Current,2020-07-24,368888.58
927,514,Current,2023-01-01,454286.09
928,491,Savings,2025-12-06,274354.63
929,232,Current,2019-01-24,365832.58
930,231,Current,2025-07-23,160590.51
931,435,Current,2019-01-04,168909.98
932,458,Savings,2020-10-02,30896.43
933,609,Current,2018-12-24,418717.59
934,455,Current,2022-04-04,496193.8
935,388,Savings,2018-10-05,346898.33
936,911,Savings,2024-05-18,414396.55
937,987,Current,2020-09-11,205770.34
938,118,Current,2022-03-02,177834.06
939,863,Savings,2021-03-28,283495.02
940,186,Current,2018-10-12,206702.04
941,474,Current,2025-04-07,95479.82
942,67,Current,2024-10-18,168387.84
943,212,Savings,2025-05-31,41226.28
944,451,Current,2023-09-25,428971.01
945,24,Current,2026-02-24,156512.91
946,271,Current,2025-04-27,322818.29
947,374,Current,2018-08-17,24071.35
948,100,Current,2023-07-24,189860.18
949,893,Current,2019-11-16,221488.46
950,754,Current,2022-07-28,15513.75
951,310,Savings,2022-04-23,388911.87
952,212,Current,2024-02-21,23866.92
953,388,Current,2018-08-17,173286.84
954,69,Savings,2019-10-22,462204.83
955,448,Savings,2022-02-14,242924.73
956,46,Savings,2025-06-21,375275.73
957,635,Current,2019-07-04,146127.73
958,355,Savings,2021-12-07,440983.58
959,843,Current,2019-10-30,392019.39
960,705,Savings,2019-04-06,482771.96
961,981,Current,2023-01-19,205814.48
962,291,Savings,2020-12-23,454139.12
963,243,Savings,2025-08-23,308722.73
964,533,Current,2022-10-03,200567.05
965,263,Savings,2020-07-07,383588.97
966,40,Current,2021-01-24,52247.28
967,819,Current,2023-03-17,235499.04
968,738,Current,2022-02-12,65276.89
969,303,Current,2022-03-04,235376.26
970,991,Savings,2021-12-20,229482.7
971,587,Current,2018-10-02,265800.32
972,384,Current,2019-01-02,446321.04
973,674,Current,2025-05-25,98535.58
974,115,Current,2024-04-28,133108.89
975,642,Current,2022-04-06,30595.79
976,5,Savings,2022-09-22,262357.85
977,458,Savings,2020-10-23,125058.55
978,124,Current,2022-11-26,181128.06
979,367,Current,2021-12-04,458656.89
980,145,Savings,2024-10-20,24524.59
981,183,Savings,2021-01-04,210096.26
982,736,Savings,2023-05-29,425502.33
983,391,Savings,2021-08-10,329798.46
984,584,Current,2019-11-27,115870.59
985,381,Current,2023-02-10,38384.55
986,551,Current,2022-04-15,494404.32
987,708,Savings,2023-07-29,4769.09
988,553,Current,2025-03-03,108030.27
989,881,Current,2020-01-10,478855.53
990,768,Savings,2019-10-12,215315.77
991,662,Current,2019-10-09,193531.94
992,513,Current,2021-04-19,53449.37
993,221,Current,2026-03-20,277212.75
994,363,Savings,2025-01-18,59311.59
995,20,Savings,2021-02-16,65037.97
996,770,Savings,2024-09-07,187344.08
997,825,Current,2022-04-06,17763.15
998,767,Savings,2025-10-22,356563.93
999,103,Current,2026-03-22,138313.21
1000,427,Savings,2025-05-17,53801.35
1001,820,Current,2022-05-26,408368.18
1002,434,Current,2025-12-25,385863.13
1003,461,Savings,2023-12-17,24999.94
1004,420,Savings,2019-09-15,284052.25
1005,216,Current,2019-05-11,61322.9
1006,636,Savings,2024-07-03,306151.47
1007,518,Current,2019-12-12,48169.46
1008,42,Savings,2020-06-23,280751.45
1009,410,Current,2021-09-02,440946.19
1010,673,Current,2022-12-18,288746.68
1011,738,Savings,2025-06-02,109342.05
1012,416,Current,2021-04-21,404067.23
1013,545,Current,2019-06-30,51707.39
1014,991,Current,2023-07-08,19809.98
1015,110,Current,2021-01-05,343184.91
1016,339,Current,2024-01-09,227791.53
1017,863,Current,2026-05-17,155819.77
1018,693,Savings,2020-02-28,378846.86
1019,793,Savings,2026-01-11,324663.62
1020,546,Savings,2020-04-17,28613.72
1021,99,Savings,2018-08-15,24328.81
1022,435,Current,2020-12-08,129982.48
1023,372,Savings,2024-01-23,84645.97
1024,828,Savings,2026-02-10,233972.92
1025,671,Current,2024-01-23,305233.41
1026,221,Savings,2021-04-12,116809.33
1027,768,Current,2026-02-24,9838.67
1028,591,Current,2019-03-11,241647.43
1029,246,Savings,2019-04-03,309814.11
1030,667,Savings,2024-04-01,293372.75
1031,493,Savings,2019-11-09,332034.76
1032,331,Current,2025-05-28,261852.97
1033,42,Savings,2023-10-14,227994.83
1034,88,Savings,2025-03-26,66705.96
1035,724,Savings,2024-10-13,457114.82
1036,362,Savings,2018-10-12,344260.41
1037,667,Savings,2024-04-20,376215.81
1038,72,Current,2019-05-29,97079.31
1039,700,Savings,2021-03-26,237678.53
1040,715,Savings,2019-12-27,172016.45
1041,175,Savings,2025-08-07,111127.64
1042,143,Current,2019-05-05,243004.28
1043,337,Savings,2020-04-22,177498.52
1044,68,Savings,2019-12-08,246368.42
1045,47,Savings,2021-10-01,303951.04
1046,461,Savings,2022-11-13,169092.39
1047,139,Current,2024-01-30,10476.95
1048,955,Current,2019-09-17,291215.06
1049,996,Current,2024-06-25,231374.86
1050,508,Current,2023-11-29,94517.08
1051,867,Current,2019-12-03,305859.91
1052,240,Savings,2025-09-01,271008.44
1053,261,Savings,2023-11-22,273675.86
1054,120,Current,2026-04-11,350604.42
1055,227,Current,2018-08-04,218121.17
1056,367,Current,2025-05-11,281165.13
1057,10,Current,2022-06-17,474113.31
1058,326,Savings,2022-07-14,194744.1
1059,807,Savings,2021-08-01,90714.94
1060,655,Savings,2025-09-12,191613.8
1061,566,Current,2020-12-06,325174.34
1062,1,Savings,2019-01-13,404165.54
1063,777,Current,2024-11-14,55571.73
1064,143,Current,2024-02-27,289228.55
1065,39,Current,2024-12-25,300750.97
1066,680,Savings,2025-07-15,41829.7
1067,531,Savings,2021-10-30,119175.14
1068,444,Savings,2023-04-02,477403.96
1069,354,Current,2019-05-11,273127.33
1070,492,Current,2021-04-19,227964.15
1071,384,Savings,2025-04-09,118076.31
1072,261,Current,2021-07-18,372782.92
1073,580,Current,2020-06-16,397911.28
1074,276,Current,2020-04-21,26823.03
1075,160,Savings,2018-10-04,416442.56
1076,244,Savings,2024-08-15,140087.18
1077,583,Savings,2023-08-28,24323.13
1078,131,Savings,2021-10-24,452733.89
1079,505,Savings,2022-06-20,207642.51
1080,776,Savings,2021-11-15,11183.01
1081,660,Savings,2022-05-27,126019.41
1082,212,Current,2024-11-18,134150.64
1083,701,Savings,2018-08-13,409035.14
1084,187,Current,2026-02-17,491254.76
1085,7,Savings,2026-04-07,466466.97
1086,408,Savings,2026-01-31,242325.16
1087,547,Current,2021-10-27,368960.3
1088,261,Current,2019-11-06,498356.78
1089,49,Current,2018-07-23,226477.13
1090,249,Current,2025-06-05,54173.66
1091,548,Savings,2024-12-22,378455.17
1092,646,Current,2020-05-03,182414.57
1093,534,Current,2018-07-26,299349.85
1094,893,Savings,2022-08-12,344775.97
1095,756,Current,2025-12-22,326087.63
1096,201,Current,2019-08-31,467157.39
1097,210,Current,2025-02-19,142813.75
1098,838,Savings,2024-02-20,293299.03
1099,780,Savings,2019-09-11,170487.9
1100,365,Current,2020-04-08,484146.53
1101,427,Savings,2021-06-18,60652.66
1102,93,Current,2025-09-10,378261.84
1103,177,Current,2021-01-28,199492.65
1104,812,Current,2026-02-05,117965.27
1105,949,Current,2025-06-09,64227.34
1106,235,Savings,2026-03-01,166708.43
1107,986,Current,2020-07-30,204258.2
1108,577,Savings,2022-10-10,211495.14
1109,827,Savings,2019-02-14,12683.6
1110,100,Current,2023-11-10,461481.15
1111,754,Current,2021-01-22,380708.18
1112,459,Savings,2021-11-29,75414.2
1113,810,Current,2023-06-30,178724.05
1114,445,Savings,2024-02-28,430073.19
1115,328,Current,2022-01-11,337669.45
1116,548,Current,2024-05-12,226779.41
1117,172,Current,2025-09-27,238144.56
1118,456,Current,2019-04-03,68743.59
1119,598,Savings,2024-02-26,147549.14
1120,934,Current,2024-02-25,360823.46
1121,376,Savings,2024-03-27,62607.11
1122,659,Current,2020-04-20,444576.58
1123,80,Savings,2023-09-23,139845.99
1124,415,Savings,2021-04-12,312589.71
1125,146,Savings,2023-08-27,283861.3
1126,81,Current,2026-02-13,222136.51
1127,551,Savings,2020-05-22,356771.79
1128,7,Savings,2022-02-15,408633.44
1129,299,Savings,2020-12-14,132611.41
1130,708,Current,2020-07-08,327637.2
1131,645,Current,2023-05-19,437707.43
1132,818,Savings,2021-04-05,335529.54
1133,224,Savings,2021-12-11,140089.65
1134,337,Savings,2025-08-27,120448.29
1135,262,Savings,2024-05-28,274479.68
1136,227,Savings,2022-10-09,398822.09
1137,334,Savings,2018-12-30,73046.61
1138,308,Current,2023-10-06,105844.87
1139,860,Current,2019-01-10,424158.04
1140,471,Savings,2023-03-13,249666.73
1141,785,Current,2024-04-09,165684.29
1142,648,Current,2020-11-06,92297.49
1143,462,Savings,2024-08-23,146828.42
1144,522,Savings,2024-02-06,490054.98
1145,450,Savings,2020-07-10,329628.09
1146,362,Current,2026-03-08,314726.0
1147,759,Savings,2022-06-15,237323.93
1148,149,Current,2026-06-19,400129.48
1149,376,Savings,2022-10-06,77952.35
1150,651,Current,2019-02-28,416105.33
1151,660,Current,2019-08-14,120491.68
1152,485,Current,2018-10-18,372132.81
1153,135,Savings,2022-09-17,13789.15
1154,745,Savings,2022-02-11,452722.88
1155,231,Current,2024-03-10,479312.01
1156,83,Current,2019-02-05,449067.89
1157,665,Current,2019-04-12,126032.72
1158,666,Savings,2023-06-15,263336.38
1159,727,Current,2019-11-25,295714.23
1160,970,Savings,2018-09-17,42829.73
1161,510,Savings,2024-06-21,192054.61
1162,206,Current,2022-07-19,87095.63
1163,933,Current,2025-06-18,24334.25
1164,803,Savings,2025-11-10,262489.44
1165,928,Savings,2023-12-21,220679.59
1166,279,Current,2022-08-06,359421.67
1167,349,Current,2019-07-13,375112.02
1168,84,Current,2022-07-08,62307.57
1169,481,Savings,2024-02-18,261303.3
1170,331,Savings,2022-06-01,407849.2
1171,178,Current,2021-07-16,432877.52
1172,102,Savings,2025-12-22,260374.56
1173,743,Savings,2021-02-05,289426.04
1174,307,Savings,2019-12-14,134255.54
1175,152,Current,2018-10-09,413614.72
1176,747,Current,2023-10-01,120511.79
1177,400,Savings,2021-01-07,460890.9
1178,744,Savings,2021-12-31,299274.15
1179,489,Current,2024-08-02,331292.6
1180,468,Savings,2021-05-06,28630.75
1181,5,Current,2021-08-06,469888.57
1182,593,Savings,2019-04-15,152457.67
1183,306,Current,2025-05-10,357811.16
1184,662,Current,2026-01-29,130316.88
1185,865,Savings,2022-06-17,256482.03
1186,78,Savings,2023-12-17,69795.1
1187,925,Current,2021-03-20,64786.55
1188,576,Savings,2026-03-20,480844.24
1189,992,Current,2019-08-13,109489.93
1190,99,Current,2024-10-26,393510.92
1191,93,Current,2018-09-18,172491.84
1192,697,Current,2025-10-03,194866.95
1193,205,Current,2022-11-24,74183.55
1194,441,Savings,2021-02-25,218776.27
1195,987,Savings,2022-12-10,422448.86
1196,960,Savings,2025-03-05,384549.12
1197,448,Savings,2022-01-07,375180.68
1198,354,Savings,2018-10-04,250938.83
1199,475,Current,2020-05-24,404641.69
1200,6,Savings,2023-01-18,254121.79
1201,614,Current,2026-01-21,494707.87
1202,431,Current,2026-03-01,116965.91
1203,268,Savings,2022-05-14,274689.77
1204,575,Savings,2023-02-26,170002.66
1205,816,Current,2021-03-02,53079.49
1206,787,Savings,2019-11-26,38081.75
1207,710,Savings,2018-08-15,494989.44
1208,781,Current,2019-07-15,379884.75
1209,597,Savings,2023-08-17,282304.9
1210,318,Current,2020-09-03,200050.91
1211,170,Current,2022-05-19,287030.16
1212,869,Current,2021-08-24,36564.38
1213,592,Savings,2023-11-21,404416.43
1214,319,Current,2021-05-14,153668.58
1215,987,Savings,2019-04-20,372976.56
1216,613,Savings,2022-07-05,495777.93
1217,302,Savings,2021-07-21,450475.56
1218,597,Current,2022-03-08,53651.23
1219,178,Savings,2019-11-16,100426.68
1220,707,Current,2022-03-02,154478.02
1221,916,Savings,2022-09-19,444040.65
1222,560,Current,2020-10-25,212163.64
1223,551,Current,2023-10-21,292859.45
1224,338,Current,2020-04-23,457309.15
1225,266,Current,2023-10-19,303422.36
1226,804,Current,2025-01-27,256776.3
1227,88,Current,2020-05-23,378976.81
1228,758,Savings,2024-07-13,231120.63
1229,999,Current,2019-03-29,466904.25
1230,908,Current,2023-08-03,474584.4
1231,921,Savings,2019-09-27,131083.52
1232,920,Savings,2020-01-15,256291.65
1233,943,Current,2024-04-23,108963.83
1234,690,Savings,2023-07-29,357093.42
1235,184,Current,2019-05-02,150250.44
1236,698,Savings,2021-09-02,214885.74
1237,878,Current,2024-07-04,198670.18
1238,575,Current,2025-05-07,469728.07
1239,325,Current,2019-03-28,453078.79
1240,788,Current,2022-02-16,410433.45
1241,471,Current,2023-09-17,119490.53
1242,61,Savings,2019-09-15,33165.45
1243,491,Savings,2020-10-10,209238.25
1244,745,Savings,2021-05-19,495197.38
1245,725,Savings,2025-02-12,489342.43
1246,920,Current,2025-03-31,136681.46
1247,934,Current,2023-11-24,95285.45
1248,288,Current,2022-03-06,240705.61
1249,890,Savings,2018-09-09,100677.29
1250,154,Savings,2025-06-14,269798.08
1251,700,Savings,2025-09-27,8618.05
1252,87,Current,2019-03-25,326012.52
1253,885,Savings,2018-12-11,149029.41
1254,950,Current,2024-09-01,150021.7
1255,883,Current,2023-07-09,440105.84
1256,186,Current,2023-09-30,240242.33
1257,213,Current,2024-03-02,399333.58
1258,123,Savings,2021-12-28,357061.61
1259,105,Current,2023-04-30,338947.39
1260,691,Current,2024-05-23,39372.37
1261,862,Current,2019-04-28,191639.52
1262,922,Current,2022-01-17,80359.2
1263,810,Current,2024-02-26,241169.56
1264,727,Current,2020-10-12,455939.82
1265,456,Savings,2023-01-07,38447.39
1266,971,Current,2018-10-01,225246.32
1267,341,Savings,2025-05-04,444622.04
1268,844,Savings,2022-02-05,392331.05
1269,956,Savings,2020-10-12,191429.97
1270,387,Current,2019-07-27,221504.52
1271,46,Savings,2022-03-22,329843.76
1272,871,Savings,2025-01-29,230330.51
1273,427,Current,2023-05-27,102699.38
1274,219,Savings,2024-03-29,224536.5
1275,970,Savings,2023-05-12,496011.58
1276,523,Savings,2025-03-01,112881.34
1277,566,Savings,2024-02-19,135892.54
1278,554,Savings,2019-11-14,56992.4
1279,753,Savings,2020-10-28,3798.17
1280,594,Savings,2021-07-16,135088.97
1281,952,Current,2020-08-07,229340.77
1282,637,Current,2025-11-24,298523.88
1283,727,Current,2019-01-19,121778.38
1284,836,Current,2021-12-13,264093.58
1285,716,Current,2023-01-28,241976.62
1286,807,Savings,2025-04-17,331454.96
1287,700,Savings,2024-06-22,94280.09
1288,948,Current,2020-01-01,302229.63
1289,416,Savings,2023-08-15,399555.74
1290,495,Current,2025-10-28,36636.11
1291,117,Savings,2023-07-11,423369.91
1292,623,Savings,2021-03-04,381900.5
1293,996,Current,2024-06-03,149086.3
1294,432,Savings,2023-09-08,180180.76
1295,633,Savings,2025-04-13,400334.83
1296,338,Savings,2024-10-22,460069.13
1297,45,Current,2019-05-27,23739.8
1298,482,Savings,2026-05-19,316956.65
1299,564,Current,2023-09-14,291125.01
1300,685,Current,2022-03-14,309623.4
1301,440,Current,2018-10-25,292982.93
1302,779,Current,2024-06-02,426693.57
1303,144,Savings,2022-04-08,423732.48
1304,65,Current,2026-01-18,441153.54
1305,341,Savings,2024-05-02,47016.0
1306,147,Savings,2018-12-20,373049.39
1307,932,Savings,2018-07-16,433059.57
1308,132,Savings,2019-06-05,418108.67
1309,613,Current,2025-11-11,183822.99
1310,901,Savings,2019-06-13,133038.16
1311,705,Savings,2018-10-16,419391.44
1312,803,Savings,2019-10-18,147544.03
1313,223,Savings,2024-09-11,280121.41
1314,854,Savings,2022-08-16,381846.77
1315,624,Current,2022-03-05,209414.69
1316,326,Current,2023-02-06,74431.66
1317,350,Savings,2019-03-22,65003.81
1318,722,Savings,2023-12-13,70322.1
1319,20,Savings,2023-08-03,486505.32
1320,432,Savings,2019-05-07,478467.84
1321,586,Savings,2021-08-10,93512.23
1322,274,Current,2019-01-30,188460.66
1323,759,Savings,2020-09-12,27930.91
1324,352,Savings,2024-09-18,61450.4
1325,266,Current,2025-12-15,112713.0
1326,220,Current,2023-06-21,67498.87
1327,636,Savings,2022-01-31,197516.95
1328,33,Savings,2019-06-15,287630.87
1329,284,Current,2018-12-19,472947.83
1330,999,Current,2020-08-30,17224.13
1331,300,Current,2018-11-03,353665.39
1332,852,Savings,2025-11-02,118362.77
1333,884,Savings,2020-08-13,163184.72
1334,140,Current,2025-04-03,209009.49
1335,679,Current,2019-10-19,220694.36
1336,943,Current,2019-05-27,147853.5
1337,550,Savings,2021-01-10,183610.72
1338,852,Current,2021-03-04,65785.73
1339,665,Savings,2019-03-12,73013.26
1340,390,Current,2020-01-25,350849.04
1341,781,Savings,2024-08-08,90493.99
1342,559,Savings,2021-09-14,87249.55
1343,474,Current,2026-03-08,471667.6
1344,714,Current,2019-09-03,336967.01
1345,849,Current,2024-10-12,474209.18
1346,464,Current,2019-07-03,65382.5
1347,955,Current,2019-11-10,496188.44
1348,855,Savings,2021-06-06,468465.45
1349,96,Savings,2025-05-01,242827.58
1350,742,Savings,2019-01-12,321899.92
1351,842,Savings,2021-03-01,79883.27
1352,448,Savings,2023-12-07,356458.04
1353,919,Savings,2020-08-01,304155.27
1354,424,Savings,2023-03-02,286328.26
1355,771,Current,2022-06-20,191836.01
1356,976,Savings,2022-04-25,367888.64
1357,238,Savings,2026-03-27,117253.86
1358,787,Current,2021-07-10,70206.14
1359,765,Current,2023-12-30,291475.1
1360,619,Savings,2026-03-02,131136.32
1361,879,Current,2019-09-11,279102.98
1362,200,Current,2022-07-12,272051.3
1363,722,Savings,2019-05-03,317782.37
1364,947,Savings,2025-04-14,200483.31
1365,965,Current,2018-08-12,442510.56
1366,163,Current,2019-05-31,131799.97
1367,953,Savings,2022-02-09,199441.21
1368,749,Savings,2020-12-22,264913.63
1369,295,Savings,2023-08-07,367158.17
1370,562,Current,2022-11-13,107497.94
1371,668,Current,2025-08-03,129906.88
1372,526,Savings,2024-11-03,231464.31
1373,832,Savings,2021-02-26,461577.04
1374,781,Savings,2023-10-21,172867.35
1375,50,Savings,2022-12-31,325436.97
1376,290,Savings,2026-04-27,220270.23
1377,573,Savings,2023-03-03,349474.34
1378,253,Current,2023-09-16,456534.39
1379,423,Current,2025-07-13,154690.7
1380,555,Current,2025-03-13,243744.06
1381,188,Savings,2024-12-30,493794.27
1382,45,Current,2024-02-04,175642.01
1383,712,Current,2025-04-09,263519.65
1384,833,Savings,2021-10-16,40623.86
1385,244,Savings,2025-05-09,387925.35
1386,38,Savings,2021-02-02,57626.46
1387,998,Current,2024-11-18,30806.41
1388,370,Current,2021-04-13,362543.33
1389,4,Savings,2020-03-21,276041.73
1390,251,Current,2025-02-14,489433.29
1391,652,Current,2020-03-11,40041.74
1392,770,Savings,2025-10-13,135233.91
1393,162,Current,2023-05-01,76123.75
1394,801,Savings,2025-11-13,470440.02
1395,864,Savings,2020-01-11,65123.88
1396,980,Current,2026-01-21,17637.38
1397,696,Savings,2024-05-20,129566.95
1398,936,Savings,2023-06-13,441584.94
1399,689,Current,2021-04-18,103323.56
1400,714,Current,2023-03-12,41469.11
1401,166,Current,2018-09-18,350770.69
1402,454,Savings,2023-02-23,89442.75
1403,465,Savings,2020-01-12,425954.28
1404,643,Current,2018-08-29,343892.65
1405,421,Current,2023-05-07,359389.12
1406,196,Current,2022-01-11,291882.08
1407,425,Savings,2022-11-16,21862.77
1408,302,Current,2025-06-09,226103.27
1409,244,Current,2020-07-04,101775.24
1410,477,Savings,2022-11-03,140126.9
1411,729,Current,2021-08-23,140049.72
1412,219,Savings,2021-06-27,339367.03
1413,981,Savings,2021-02-25,305088.64
1414,466,Savings,2022-11-18,395714.16
1415,737,Current,2020-04-30,433861.07
1416,564,Savings,2019-03-25,44124.37
1417,193,Current,2023-02-16,153683.03
1418,447,Savings,2025-07-31,225909.49
1419,457,Current,2024-11-07,217322.5
1420,171,Current,2018-08-03,426270.47
1421,486,Current,2019-11-08,29525.44
1422,65,Current,2025-03-01,1676.53
1423,982,Savings,2026-04-05,237153.6
1424,3,Savings,2024-01-23,222851.45
1425,511,Current,2023-11-06,136783.21
1426,571,Current,2025-02-24,155294.22
1427,959,Current,2024-09-30,311474.61
1428,832,Current,2023-08-31,376985.19
1429,514,Savings,2020-08-03,85949.7
1430,120,Current,2019-04-09,261587.3
1431,878,Savings,2019-08-09,232909.68
1432,540,Savings,2018-07-14,491158.36
1433,722,Savings,2021-04-02,153716.02
1434,88,Current,2018-09-13,251719.46
1435,300,Savings,2022-12-05,27720.22
1436,377,Current,2019-09-03,490762.32
1437,313,Current,2019-09-24,13115.01
1438,848,Current,2026-04-28,292626.8
1439,81,Savings,2023-09-21,118389.4
1440,729,Savings,2020-01-28,231055.7
1441,715,Savings,2025-05-22,292800.82
1442,883,Current,2026-01-12,257300.92
1443,169,Current,2021-02-20,354567.35
1444,647,Current,2026-05-01,355165.62
1445,321,Savings,2025-11-17,461823.09
1446,832,Current,2020-08-11,347488.79
1447,770,Savings,2023-08-12,239398.21
1448,131,Current,2023-12-24,409437.7
1449,131,Savings,2020-07-22,305095.29
1450,812,Savings,2019-03-10,43918.64
1451,754,Savings,2022-04-05,315623.32
1452,404,Savings,2021-08-16,367975.08
1453,989,Current,2025-06-03,302117.89
1454,799,Current,2021-06-14,243016.55
1455,207,Current,2018-11-10,228864.76
1456,995,Savings,2020-02-28,347021.74
1457,234,Savings,2026-04-24,335036.42
1458,663,Current,2022-04-06,71786.0
1459,78,Current,2024-07-01,458079.01
1460,108,Current,2023-04-29,148960.69
1461,251,Savings,2019-02-07,186949.58
1462,853,Current,2024-07-30,425001.34
1463,344,Current,2020-12-04,285396.02
1464,741,Savings,2022-05-13,417489.23
1465,624,Current,2023-07-07,253658.52
1466,498,Savings,2023-12-19,263007.71
1467,360,Current,2019-03-17,72288.96
1468,771,Current,2025-03-17,108587.41
1469,443,Current,2019-10-28,126767.33
1470,555,Savings,2020-07-04,373723.05
1471,67,Savings,2025-02-11,313085.9
1472,344,Current,2024-04-01,252895.87
1473,193,Current,2019-11-08,124775.15
1474,640,Current,2021-10-01,314796.39
1475,534,Savings,2025-12-04,116919.82
1476,470,Savings,2018-06-24,85852.14
1477,611,Savings,2019-07-31,184871.22
1478,58,Savings,2023-11-13,84508.14
1479,805,Savings,2023-06-09,104157.75
1480,708,Savings,2020-11-13,65108.05
1481,734,Savings,2024-05-05,99883.71
1482,251,Current,2019-12-28,383278.69
1483,270,Current,2022-05-25,409062.71
1484,170,Current,2019-12-09,395201.03
1485,92,Current,2024-04-23,449999.35
1486,853,Savings,2021-09-18,83954.47
1487,624,Current,2025-03-11,258605.19
1488,656,Savings,2019-09-18,97806.37
1489,213,Savings,2024-08-21,303421.58
1490,718,Savings,2019-07-17,273680.48
1491,529,Current,2021-02-02,142176.57
1492,546,Savings,2023-03-30,443414.37
1493,530,Current,2023-12-28,172957.47
1494,419,Savings,2020-11-07,133676.72
1495,357,Savings,2024-11-20,32771.16
1496,493,Current,2024-05-08,306233.95
1497,54,Current,2025-12-28,315200.27
1498,429,Current,2023-02-09,187934.8
1499,734,Savings,2026-02-04,181550.6
1500,861,Current,2021-06-13,389037.38
1501,932,Savings,2024-09-29,277249.77
1502,357,Savings,2024-07-20,467696.42
1503,601,Current,2020-04-16,474838.11
1504,178,Current,2023-01-26,256909.32
1505,162,Savings,2021-02-19,445618.05
1506,482,Current,2018-08-12,287582.74
1507,804,Savings,2025-12-21,56427.6
1508,866,Current,2018-10-02,161321.81
1509,761,Current,2022-05-05,416034.27
1510,898,Current,2022-03-24,433016.41
1511,589,Current,2019-10-05,453719.74
1512,660,Savings,2019-12-31,316082.17
1513,399,Current,2018-07-22,230529.45
1514,416,Savings,2018-07-21,63244.89
1515,430,Savings,2023-01-01,437076.71
1516,808,Current,2023-11-27,44391.54
1517,742,Savings,2020-04-18,363879.56
1518,790,Savings,2021-09-26,401724.19
1519,817,Current,2025-07-28,219699.31
1520,398,Current,2024-02-03,410217.53
1521,239,Savings,2024-12-25,63550.58
1522,692,Savings,2026-02-03,449849.12
1523,417,Current,2020-03-17,92832.56
1524,310,Savings,2019-01-13,246141.4
1525,655,Savings,2022-07-21,59304.63
1526,326,Current,2022-10-20,213726.8
1527,422,Savings,2018-10-13,182172.75
1528,538,Savings,2025-03-12,64049.38
1529,252,Current,2022-03-30,422691.95
1530,170,Current,2024-10-31,279436.1
1531,858,Current,2025-10-13,103104.46
1532,722,Savings,2024-10-09,39227.76
1533,623,Current,2019-10-23,200393.19
1534,485,Savings,2023-04-05,424930.5
1535,473,Savings,2024-02-16,284014.74
1536,737,Savings,2022-11-09,253681.27
1537,539,Savings,2023-05-14,45924.95
1538,918,Savings,2023-10-16,56016.6
1539,516,Current,2023-08-23,495827.58
1540,971,Current,2019-08-21,10813.29
1541,326,Current,2026-01-17,271186.8
1542,627,Savings,2024-03-17,123510.03
1543,937,Savings,2022-10-08,389408.65
1544,805,Savings,2025-12-15,87927.57
1545,227,Savings,2021-02-21,371963.7
1546,425,Savings,2020-05-25,39934.54
1547,659,Savings,2022-10-16,173605.44
1548,327,Savings,2022-11-18,32542.37
1549,81,Current,2026-04-27,190604.78
1550,516,Savings,2026-02-24,285978.84
1551,446,Savings,2024-01-07,480083.26
1552,941,Savings,2026-03-06,393546.96
1553,652,Savings,2021-11-15,280207.67
1554,680,Current,2025-06-01,433901.53
1555,500,Savings,2024-12-10,18340.86
1556,417,Savings,2021-07-15,499365.51
1557,113,Savings,2023-01-15,265507.33
1558,791,Current,2020-04-29,99228.6
1559,392,Savings,2018-12-01,6709.4
1560,286,Current,2025-02-07,208537.92
1561,806,Savings,2020-02-28,351144.96
1562,493,Savings,2023-09-21,27723.58
1563,61,Savings,2026-04-18,301266.61
1564,879,Savings,2019-07-26,363520.21
1565,361,Savings,2025-10-13,208554.62
1566,277,Savings,2018-07-21,442210.67
1567,558,Current,2019-10-06,95317.75
1568,966,Savings,2019-11-25,301911.02
1569,1000,Current,2020-06-16,255033.77
1570,408,Savings,2020-02-14,99769.83
1571,446,Savings,2022-06-19,307197.21
1572,255,Current,2020-09-11,450154.56
1573,242,Current,2023-02-22,54448.37
1574,978,Savings,2024-03-26,146163.2
1575,547,Savings,2025-02-23,42703.17
1576,968,Current,2025-12-03,165030.08
1577,625,Current,2023-12-15,74028.67
1578,43,Current,2021-07-20,324916.63
1579,776,Savings,2025-10-22,122262.46
1580,979,Current,2023-07-08,8801.62
1581,706,Current,2021-02-23,177864.7
1582,737,Current,2023-04-17,47576.18
1583,854,Current,2025-12-29,313952.56
1584,188,Current,2023-01-17,138573.1
1585,540,Savings,2023-05-15,443457.36
1586,31,Current,2024-09-01,233577.73
1587,901,Current,2022-08-17,162025.44
1588,775,Current,2022-08-29,189623.03
1589,367,Savings,2024-10-10,261611.73
1590,407,Savings,2025-08-25,166376.85
1591,858,Current,2024-03-23,209896.53
1592,712,Savings,2020-02-22,475245.51
1593,298,Current,2026-03-13,269615.11
1594,52,Current,2023-05-10,160463.27
1595,544,Current,2020-11-21,380157.49
1596,565,Savings,2020-08-14,32871.31
1597,147,Current,2021-01-24,285568.42
1598,96,Savings,2024-03-01,4143.71
1599,790,Savings,2025-01-21,49250.64
1600,455,Savings,2024-10-17,166623.76
1601,787,Savings,2018-07-03,137788.64
1602,960,Savings,2026-03-06,95309.48
1603,788,Savings,2021-12-25,14112.59
1604,529,Savings,2023-05-15,192811.73
1605,459,Current,2023-09-02,91073.38
1606,740,Savings,2025-04-18,111212.61
1607,313,Current,2025-01-01,179010.62
1608,356,Savings,2025-07-05,417918.11
1609,397,Current,2021-08-17,28964.18
1610,720,Current,2019-04-01,324899.92
1611,963,Current,2023-06-14,98323.0
1612,443,Current,2024-08-08,105244.06
1613,62,Current,2023-08-20,279402.3
1614,929,Current,2024-05-16,4999.71
1615,314,Current,2026-01-08,283603.12
1616,795,Current,2024-03-05,387243.88
1617,325,Savings,2022-11-24,467249.5
1618,518,Current,2025-03-19,336418.93
1619,585,Current,2019-03-12,246412.66
1620,809,Savings,2025-11-18,209500.16
1621,692,Savings,2025-08-04,278010.1
1622,575,Current,2024-09-22,277621.36
1623,458,Savings,2022-05-25,159061.98
1624,182,Current,2019-08-10,375695.09
1625,250,Current,2022-01-08,41259.03
1626,486,Current,2021-11-23,355823.16
1627,570,Current,2026-03-22,288208.03
1628,549,Current,2021-02-16,324815.71
1629,475,Savings,2022-01-10,315580.89
1630,144,Savings,2021-12-24,450356.58
1631,937,Savings,2023-01-24,257267.85
1632,804,Current,2022-08-21,39052.6
1633,997,Current,2025-09-21,230815.84
1634,760,Current,2024-08-14,489033.65
1635,401,Current,2025-11-10,63936.54
1636,594,Savings,2025-02-04,25636.77
1637,953,Savings,2019-06-09,118806.26
1638,797,Savings,2025-07-18,290204.54
1639,480,Current,2020-09-19,411633.12
1640,480,Current,2025-06-05,295160.6
1641,207,Current,2020-07-21,424125.54
1642,216,Current,2023-11-13,432871.42
1643,856,Savings,2018-08-11,201388.79
1644,794,Current,2024-08-08,497746.82
1645,89,Current,2025-04-18,100378.72
1646,750,Current,2021-04-17,322901.97
1647,364,Savings,2026-03-08,366057.19
1648,464,Current,2021-06-06,105041.09
1649,399,Savings,2023-01-31,432181.91
1650,946,Savings,2021-09-08,8095.94
1651,191,Savings,2021-09-25,373407.99
1652,508,Savings,2024-10-21,440519.29
1653,72,Current,2018-10-25,40120.24
1654,824,Current,2023-08-13,336188.38
1655,549,Current,2024-04-17,435485.15
1656,130,Current,2019-11-21,282154.34
1657,670,Savings,2025-02-21,486781.66
1658,62,Savings,2020-09-28,369015.39
1659,544,Savings,2024-03-24,357815.01
1660,119,Savings,2020-01-11,380721.89
1661,92,Current,2021-02-01,149987.27
1662,615,Savings,2020-05-23,72600.52
1663,409,Savings,2025-11-11,222739.24
1664,325,Savings,2023-12-26,331698.77
1665,345,Savings,2026-02-07,478745.25
1666,165,Savings,2023-08-04,461096.44
1667,910,Current,2021-10-26,378732.18
1668,192,Current,2019-04-07,282483.53
1669,147,Current,2026-06-13,469072.97
1670,948,Savings,2023-03-06,287053.42
1671,768,Current,2019-01-21,276127.4
1672,918,Savings,2021-12-31,175826.96
1673,45,Current,2026-02-23,478894.39
1674,293,Savings,2023-09-28,321982.67
1675,547,Savings,2018-12-13,274716.55
1676,801,Current,2019-10-15,225235.59
1677,255,Current,2021-04-25,376278.35
1678,588,Savings,2020-04-15,181671.29
1679,366,Savings,2022-08-14,18804.46
1680,691,Savings,2020-11-26,476912.08
1681,341,Current,2021-01-01,101209.77
1682,692,Current,2021-08-12,123734.24
1683,985,Current,2020-09-18,462178.51
1684,235,Savings,2024-12-14,358325.89
1685,43,Current,2019-01-08,126430.16
1686,394,Current,2021-08-02,156999.62
1687,661,Savings,2021-02-09,391307.52
1688,764,Savings,2026-02-04,370013.56
1689,473,Current,2026-02-21,410395.43
1690,387,Savings,2022-05-18,1428.08
1691,575,Current,2026-01-30,154292.89
1692,182,Savings,2019-06-19,130465.02
1693,771,Current,2022-08-16,38529.18
1694,283,Savings,2025-05-24,332213.77
1695,535,Savings,2023-05-15,54077.13
1696,367,Current,2020-01-13,251842.19
1697,662,Savings,2021-08-06,244898.97
1698,718,Savings,2024-12-25,192466.47
1699,463,Current,2025-10-07,311820.46
1700,782,Savings,2023-05-16,488547.22
1701,972,Savings,2022-10-27,53771.18
1702,244,Current,2025-12-07,341543.54
1703,619,Current,2022-12-10,337649.23
1704,705,Current,2019-04-14,97890.11
1705,506,Savings,2019-07-19,155902.76
1706,673,Current,2018-12-13,230141.72
1707,158,Current,2021-08-12,213684.03
1708,523,Current,2022-12-28,216519.35
1709,2,Savings,2025-11-03,33434.69
1710,342,Current,2025-04-25,245893.14
1711,268,Current,2023-03-23,170108.19
1712,263,Current,2025-08-22,470579.81
1713,712,Savings,2019-09-28,438684.8
1714,367,Savings,2023-01-16,224208.84
1715,387,Savings,2025-03-10,341966.22
1716,309,Savings,2019-12-12,329623.63
1717,29,Current,2019-04-30,253800.29
1718,834,Savings,2023-11-01,307134.97
1719,775,Savings,2022-08-23,130311.42
1720,113,Savings,2021-01-13,132409.75
1721,771,Current,2022-10-17,201407.92
1722,963,Savings,2024-06-26,226759.94
1723,208,Savings,2022-01-13,442804.38
1724,760,Savings,2023-01-29,316258.04
1725,360,Current,2024-11-25,171497.89
1726,428,Current,2020-08-03,198247.87
1727,999,Current,2022-01-08,424396.86
1728,986,Savings,2020-01-18,302781.66
1729,915,Savings,2023-12-24,16442.67
1730,16,Savings,2023-05-10,441330.15
1731,220,Savings,2019-04-24,103063.99
1732,841,Current,2021-05-24,383927.82
1733,663,Current,2019-06-27,144064.39
1734,558,Savings,2020-07-17,496875.73
1735,807,Current,2021-01-26,378708.57
1736,623,Current,2020-05-17,71848.92
1737,784,Current,2020-01-04,415228.84
1738,850,Savings,2023-06-08,135096.43
1739,807,Current,2022-02-11,46858.32
1740,828,Savings,2024-01-20,143787.09
1741,666,Current,2020-02-19,336948.19
1742,56,Current,2019-05-27,82440.27
1743,952,Savings,2021-03-28,267097.85
1744,179,Current,2024-10-20,363883.87
1745,638,Current,2021-08-11,413868.37
1746,178,Savings,2026-05-05,362956.26
1747,153,Current,2023-06-17,174075.75
1748,739,Current,2023-01-17,128601.29
1749,154,Savings,2019-12-13,166131.71
1750,59,Current,2020-12-16,64752.48
1751,217,Current,2021-11-11,93546.93
1752,447,Current,2025-01-03,222280.74
1753,880,Savings,2021-10-13,158830.13
1754,260,Savings,2026-01-30,256698.54
1755,50,Savings,2021-09-23,312071.99
1756,978,Current,2021-06-16,426804.25
1757,215,Savings,2019-07-02,332083.66
1758,893,Savings,2023-01-09,66344.38
1759,67,Current,2019-06-04,353675.72
1760,658,Savings,2021-05-07,319989.14
1761,685,Savings,2021-06-30,200224.83
1762,409,Current,2025-05-17,10560.45
1763,958,Savings,2026-04-26,86278.58
1764,518,Current,2022-07-13,481781.76
1765,527,Savings,2025-10-22,111487.14
1766,813,Savings,2023-07-18,142120.59
1767,256,Current,2026-02-28,254854.88
1768,889,Current,2020-10-07,426782.45
1769,49,Savings,2025-01-27,305589.87
1770,369,Savings,2021-12-02,119185.2
1771,594,Current,2021-09-02,235676.57
1772,442,Current,2023-09-22,199974.05
1773,424,Savings,2022-09-07,132730.94
1774,155,Current,2020-08-11,57328.83
1775,622,Savings,2022-11-23,29490.84
1776,974,Savings,2023-02-11,449079.72
1777,13,Savings,2022-08-08,148895.42
1778,224,Current,2020-10-04,426266.81
1779,707,Savings,2021-08-27,368426.06
1780,20,Savings,2026-05-14,366336.7
1781,82,Savings,2024-02-03,130720.32
1782,90,Current,2019-03-13,180641.6
1783,24,Savings,2021-02-07,158638.83
1784,833,Current,2021-12-27,130727.13
1785,409,Savings,2019-07-18,378836.68
1786,580,Savings,2022-11-11,392586.5
1787,482,Savings,2025-05-05,374745.79
1788,324,Current,2025-01-23,395027.46
1789,620,Current,2021-10-10,307983.82
1790,394,Current,2025-11-03,247066.33
1791,310,Savings,2019-03-03,309909.44
1792,713,Savings,2020-03-05,312065.74
1793,727,Current,2024-02-18,314303.92
1794,443,Savings,2025-12-06,16490.89
1795,234,Savings,2022-04-30,291515.39
1796,852,Savings,2020-05-29,207408.93
1797,156,Savings,2018-10-17,8321.21
1798,791,Current,2021-02-16,277515.92
1799,891,Savings,2025-03-29,123927.16
1800,398,Current,2020-03-01,25423.02
1801,301,Savings,2025-09-02,236522.37
1802,711,Current,2020-12-03,433158.08
1803,279,Savings,2018-12-17,146789.38
1804,314,Current,2022-11-17,331892.97
1805,125,Current,2023-05-30,114248.56
1806,522,Current,2021-12-28,18875.66
1807,644,Current,2019-01-21,469519.78
1808,195,Savings,2021-08-05,87576.92
1809,25,Current,2019-09-16,319853.91
1810,755,Current,2022-07-14,95230.51
1811,502,Current,2020-02-11,231703.17
1812,520,Savings,2025-09-10,87794.3
1813,206,Savings,2024-05-30,394755.64
1814,185,Savings,2020-06-24,437600.88
1815,221,Savings,2023-03-08,470980.37
1816,452,Savings,2020-03-30,85400.85
1817,382,Savings,2021-10-04,344768.14
1818,933,Current,2021-08-09,484171.1
1819,742,Current,2022-08-28,127998.15
1820,920,Savings,2025-09-11,187901.88
1821,264,Current,2018-07-16,142262.97
1822,563,Savings,2021-12-09,342664.82
1823,331,Savings,2020-11-27,169262.49
1824,472,Savings,2024-01-29,335099.79
1825,383,Current,2022-07-06,13780.15
1826,732,Savings,2026-02-25,133385.86
1827,316,Savings,2020-09-14,7456.11
1828,11,Savings,2020-07-05,233064.47
1829,337,Current,2023-10-12,93366.43
1830,221,Current,2021-02-03,337045.25
1831,551,Savings,2018-12-21,14753.13
1832,539,Current,2025-04-21,353443.69
1833,912,Current,2025-08-24,360226.42
1834,902,Savings,2022-01-20,91182.96
1835,510,Current,2020-05-12,97311.03
1836,792,Savings,2023-11-14,216735.1
1837,181,Savings,2021-04-16,316649.21
1838,893,Savings,2022-10-13,142273.38
1839,338,Current,2020-06-23,34244.16
1840,968,Savings,2022-08-25,64436.39
1841,229,Savings,2023-07-24,288573.65
1842,21,Current,2021-08-21,121180.13
1843,365,Savings,2018-11-01,477791.61
1844,744,Current,2021-07-15,65677.7
1845,276,Savings,2025-07-30,345344.15
1846,677,Savings,2020-08-17,318828.14
1847,410,Savings,2018-09-02,321417.18
1848,616,Savings,2021-10-10,362463.21
1849,94,Savings,2022-09-23,424737.18
1850,133,Savings,2021-06-25,400522.11
1851,879,Savings,2021-07-21,277168.16
1852,792,Savings,2025-01-30,481207.46
1853,315,Savings,2019-07-13,448754.78
1854,340,Savings,2023-02-13,166210.0
1855,977,Current,2021-02-18,125260.22
1856,29,Current,2024-07-05,471939.4
1857,966,Savings,2025-08-27,148210.33
1858,574,Savings,2018-10-26,311583.27
1859,440,Savings,2025-01-10,137432.54
1860,466,Current,2023-01-18,191505.38
1861,862,Current,2023-10-21,271830.79
1862,367,Savings,2024-02-14,219984.83
1863,107,Current,2018-11-13,191236.28
1864,214,Savings,2019-10-29,71914.56
1865,253,Savings,2025-09-30,95234.33
1866,332,Savings,2019-09-08,340239.06
1867,937,Current,2024-06-06,52658.34
1868,523,Savings,2022-05-11,214675.97
1869,283,Current,2025-01-24,497046.31
1870,463,Savings,2022-03-29,433703.66
1871,279,Savings,2021-05-23,399645.57
1872,227,Savings,2018-12-20,67230.74
1873,836,Current,2020-04-11,49279.89
1874,985,Savings,2022-07-11,151126.5
1875,163,Current,2026-01-11,377721.94
1876,759,Savings,2023-08-01,16294.94
1877,791,Current,2026-03-18,77702.22
1878,109,Savings,2019-10-02,44980.87
1879,482,Current,2023-11-10,306010.54
1880,813,Savings,2023-01-23,109837.6
1881,955,Savings,2020-08-09,386153.0
1882,303,Current,2023-04-24,382884.98
1883,717,Current,2024-04-28,291820.53
1884,129,Savings,2024-10-12,410972.01
1885,822,Current,2018-07-08,208374.98
1886,103,Current,2025-09-19,38921.29
1887,164,Current,2022-05-22,222182.03
1888,144,Current,2022-10-03,141827.25
1889,771,Savings,2025-05-14,133824.56
1890,571,Current,2019-10-28,210769.95
1891,452,Savings,2023-01-20,296926.47
1892,678,Current,2025-08-07,212406.42
1893,95,Current,2024-12-02,244549.06
1894,442,Savings,2021-05-09,254416.89
1895,616,Savings,2023-03-24,230128.74
1896,228,Savings,2022-03-13,409918.68
1897,280,Current,2021-07-02,11334.01
1898,679,Savings,2026-04-03,390263.1
1899,48,Savings,2024-10-03,15868.42
1900,837,Current,2022-01-11,54603.75
1901,43,Savings,2025-06-10,317801.32
1902,875,Savings,2022-07-22,133591.57
1903,523,Savings,2023-07-09,360053.47
1904,433,Current,2022-08-07,492909.04
1905,641,Savings,2020-12-17,245774.11
1906,674,Savings,2025-06-14,131271.21
1907,23,Current,2024-03-08,409911.6
1908,18,Current,2019-01-12,142496.5
1909,255,Current,2022-10-27,351422.39
1910,990,Current,2022-04-18,283598.24
1911,65,Current,2021-05-05,341857.87
1912,219,Current,2022-07-19,93847.84
1913,899,Current,2025-05-12,389360.33
1914,810,Savings,2020-05-19,142673.32
1915,541,Current,2026-04-26,45798.24
1916,735,Savings,2018-09-15,353780.24
1917,785,Savings,2019-10-03,436730.48
1918,397,Savings,2021-05-07,107292.4
1919,260,Current,2025-07-20,102375.97
1920,804,Savings,2025-05-23,284515.66
1921,120,Savings,2021-03-15,12352.69
1922,22,Current,2019-03-12,168070.6
1923,706,Savings,2025-12-27,188289.4
1924,640,Savings,2019-08-09,71868.85
1925,422,Savings,2024-11-07,317097.42
1926,218,Savings,2018-07-31,322469.0
1927,258,Current,2019-12-18,154309.39
1928,856,Current,2025-01-21,141458.9
1929,649,Savings,2023-04-28,297590.9
1930,233,Current,2023-07-26,345130.38
1931,922,Current,2022-01-31,262622.95
1932,857,Savings,2020-05-01,434563.27
1933,649,Savings,2018-07-29,206809.1
1934,433,Savings,2019-03-12,224909.88
1935,924,Current,2020-12-16,104626.08
1936,113,Savings,2024-08-18,373707.04
1937,59,Savings,2018-09-08,294523.16
1938,125,Savings,2023-02-27,240367.88
1939,973,Savings,2023-01-01,387810.19
1940,373,Current,2024-07-29,131456.8
1941,258,Savings,2019-02-28,394688.69
1942,92,Savings,2023-04-05,262738.44
1943,804,Current,2025-01-31,336207.86
1944,27,Current,2023-01-22,275122.78
1945,555,Savings,2026-03-16,178152.31
1946,593,Current,2021-12-10,85763.39
1947,334,Current,2021-01-12,373172.03
1948,254,Savings,2025-04-23,415987.8
1949,402,Current,2024-05-19,20779.25
1950,475,Savings,2023-10-23,411131.04
1951,544,Current,2019-02-18,380806.68
1952,388,Current,2019-05-20,428848.96
1953,80,Savings,2026-01-14,325001.51
1954,164,Current,2025-06-21,90769.49
1955,150,Savings,2022-02-25,306034.34
1956,375,Current,2021-08-24,366271.72
1957,550,Current,2021-08-16,187137.44
1958,688,Savings,2020-05-01,459571.71
1959,314,Current,2020-05-31,161613.34
1960,226,Current,2020-12-26,437940.19
1961,895,Savings,2023-10-16,86690.03
1962,931,Current,2020-05-18,446935.66
1963,393,Current,2024-01-11,134459.68
1964,684,Savings,2022-04-29,328037.62
1965,908,Current,2025-04-26,21655.71
1966,158,Savings,2022-04-03,289238.26
1967,875,Savings,2025-09-23,305338.5
1968,873,Current,2026-01-13,395633.85
1969,159,Savings,2024-07-10,472212.6
1970,940,Current,2026-06-15,180852.74
1971,515,Current,2024-11-07,495853.22
1972,431,Savings,2025-12-24,187534.91
1973,995,Savings,2021-03-15,413173.8
1974,931,Savings,2021-09-20,99030.77
1975,153,Savings,2019-08-22,218467.31
1976,170,Current,2025-02-14,397294.15
1977,593,Savings,2020-11-22,481100.45
1978,839,Savings,2023-12-26,367377.87
1979,557,Savings,2020-02-09,205012.28
1980,857,Current,2020-03-16,349953.34
1981,370,Savings,2025-10-01,327592.54
1982,769,Savings,2020-02-02,3327.62
1983,981,Savings,2021-02-06,54011.28
1984,27,Current,2022-06-10,97555.75
1985,858,Current,2018-08-08,416100.77
1986,462,Savings,2022-05-11,275828.55
1987,687,Current,2026-01-09,54182.66
1988,424,Current,2019-05-14,386080.21
1989,825,Savings,2020-09-25,493015.86
1990,622,Savings,2025-04-26,226490.67
1991,419,Current,2022-07-08,103055.28
1992,66,Current,2021-01-30,270817.48
1993,163,Savings,2019-06-26,142544.63
1994,424,Savings,2022-02-13,465190.44
1995,332,Current,2020-10-26,431640.31
1996,950,Current,2025-03-22,275008.85
1997,580,Current,2020-04-10,256480.5
1998,504,Current,2021-03-11,317379.93
1999,246,Savings,2023-08-01,264128.06
2000,900,Current,2021-09-04,152403.15
